{
	"plugin_name": "Nick",
	"plugin_scope": "nick",
	"plugin_exec": "main.js",
	"command_map": {
		"nick": {
			"hargs": {
				"vi_VN": "",
				"en_US": ""
			},
			"hdesc": {
				"vi_VN": "<Biệt danh mà bạn muốn đặt>\n@<mentions> <Biệt danh mà bạn muốn đặt> \r\n[Đặt biệt danh cho bạn hoặc người khác]",
				"en_US": ""
			},
			"fscope": "nick",
			"compatibly": 0
		},
		"emoji": {
			"hargs": {
				"vi_VN": "",
				"en_US": ""
			},
			"hdesc": {
				"vi_VN": "<Thây đổi emoji>",
				"en_US": ""
			},
			"fscope": "emoji",
			"compatibly": 0
		},
		"kick": {
			"hargs": {
				"vi_VN": "",
				"en_US": ""
			},
			"hdesc": {
				"vi_VN": "@<mentions>",
				"en_US": ""
			},
			"fscope": "kick",
			"compatibly": 0
		},
		"groupname": {
			"hargs": {
				"vi_VN": "",
				"en_US": ""
			},
			"hdesc": {
				"vi_VN": "<name> [Đổi tên Group]",
				"en_US": ""
			},
			"fscope": "groupname",
			"compatibly": 0
		}
	},
	"author": "Trung",
	"version": "0.1.0",
	"node_depends": {
		"wait-for-stuff": "*"
	},
	"file_map": {},
	"complied_for": "0.5.0"
}